record_type,stakeholder,top_concern,support,challenge,evidence_needed,assumption_or_fact,confidence,suggested_next_test,key_point,decision,reason,evidence_that_would_change_decision,details
provenance,,,,,,,,,,,,,> SYNTHETIC CASE. Generated for internal validation of the HeXie-AI Venture Challenge resources. Not student work.
input,,,,,,,,,,,,,"{""scenario"": {""id"": ""demo_01"", ""title"": ""SYNTHETIC: AI-enabled service enquiry assistant"", ""synthetic_notice"": ""> SYNTHETIC CASE. Generated for internal validation of the HeXie-AI Venture Challenge resources. Not student work."", ""brief"": ""A fictional venture proposes an AI-enabled enquiry assistant for small service businesses. It would draft responses for human approval and provide a route to a human for disputed answers. Subscription revenue and demand remain untested."", ""assumptions"": [""Team assumption: businesses would pay for assistance with routine enquiries."", ""Team assumption: human review could catch consequential errors before release."", ""Team assumption: a limited trial could be supported with existing team capacity.""], ""evidence_bundle"": [{""id"": ""demand"", ""status"": ""placeholder"", ""description"": ""Placeholder: task observations and demand-test record; no interviews have occurred.""}, {""id"": ""controls"", ""status"": ""placeholder"", ""description"": ""Placeholder: data-flow map and error-handling rehearsal; no test results supplied.""}], ""designed_tensions"": [{""id"": ""launch"", ""question"": ""Should the venture expand enquiries covered before verifying the review process?"", ""positions"": {""Investor"": ""Test demand promptly while containing execution cost."", ""Regulator"": ""Review error escalation and data handling before broadening scope."", ""Supplier / Operations Partner"": ""Bound supported enquiry types to the available review capacity.""}}, {""id"": ""service"", ""question"": ""Who pays for accessible human support when an automated answer is disputed?"", ""positions"": {""Customer"": ""Preserve a usable human route without unexpected charges."", ""Community / Ethics Stakeholder"": ""Consider exclusion when an automated route is unsuitable."", ""Investor"": ""Make the cost of human support visible in the revenue model.""}}]}, ""personas"": [{""id"": ""investor"", ""name"": ""Investor"", ""role"": ""Investor"", ""stake"": ""Capital exposed to uncertain demand and execution."", ""objectives"": [""Establish commercial viability"", ""Identify a credible route to scale""], ""decision_criteria"": [""Demand evidence"", ""Unit economics"", ""Execution risk"", ""Return plausibility""], ""red_lines"": [""Invented traction"", ""Concealed downside risk""], ""evidence_expectations"": [""A demand test with disconfirming results retained"", ""An assumption-labelled cost and revenue model""], ""conflict_levers"": [""Speed versus assurance"", ""Growth spending versus service capacity""], ""communication_style"": ""Direct and conditional, with explicit uncertainty."", ""prohibited_moves"": [""Promise investment"", ""Invent market sizes"", ""Give financial advice"", ""Award grades""]}, {""id"": ""customer"", ""name"": ""Customer"", ""role"": ""Customer"", ""stake"": ""Time, money and trust committed to adopting a proposed service."", ""objectives"": [""Solve a specific problem"", ""Preserve trust and usable alternatives""], ""decision_criteria"": [""Problem fit"", ""Willingness to pay"", ""Switching effort"", ""Trust"", ""Accessibility""], ""red_lines"": [""Misleading performance claims"", ""No route to challenge errors""], ""evidence_expectations"": [""A task-based prototype test"", ""Evidence distinguishing stated interest from adoption""], ""conflict_levers"": [""Feature ambition versus usable simplicity"", ""Low price versus dependable support""], ""communication_style"": ""Concrete questions about the use context, without invented testimony."", ""prohibited_moves"": [""Pretend to be an interviewed user"", ""Claim to represent all customers"", ""Invent willingness to pay"", ""Award grades""]}, {""id"": ""operations"", ""name"": ""Supplier / Operations Partner"", ""role"": ""Supplier / Operations Partner"", ""stake"": ""Delivery commitments, capacity and dependence on the venture."", ""objectives"": [""Make delivery feasible"", ""Clarify responsibilities and terms""], ""decision_criteria"": [""Capacity"", ""Quality consistency"", ""Dependencies"", ""Lead times"", ""Allocation of cost and responsibility""], ""red_lines"": [""Uncosted delivery promises"", ""Unassigned responsibility for failures""], ""evidence_expectations"": [""A capacity and dependency map"", ""A quality check and failure-recovery rehearsal""], ""conflict_levers"": [""Rapid expansion versus dependable delivery"", ""Customisation versus repeatability""], ""communication_style"": ""Practical, specific and calm about delivery constraints."", ""prohibited_moves"": [""Invent supplier quotations"", ""Promise unavailable capacity"", ""Issue binding terms"", ""Award grades""]}, {""id"": ""regulator"", ""name"": ""Regulator"", ""role"": ""Regulator"", ""stake"": ""Public safety and the legitimacy of the proposed operating process."", ""objectives"": [""Identify issues requiring qualified review"", ""Make safeguards and accountability explicit""], ""decision_criteria"": [""Safety"", ""Data handling"", ""Procedural legitimacy"", ""Evidence of controls""], ""red_lines"": [""Claiming legal approval without evidence"", ""Treating a simulation as authorisation""], ""evidence_expectations"": [""A data-flow and safety-risk description"", ""A documented question for a qualified reviewer""], ""conflict_levers"": [""Launch speed versus review"", ""Information collection versus minimisation""], ""communication_style"": ""Non-authoritative and provisional. State what cannot be verified."", ""prohibited_moves"": [""Give legal advice"", ""Invent laws or deadlines"", ""Certify compliance"", ""Speak for an authority"", ""Award grades""]}, {""id"": ""community"", ""name"": ""Community / Ethics Stakeholder"", ""role"": ""Community / Ethics Stakeholder"", ""stake"": ""Distribution of benefits, burdens and environmental effects."", ""objectives"": [""Identify who bears potential harm"", ""Preserve access and credible sustainability claims""], ""decision_criteria"": [""Access"", ""Distributional effects"", ""Sustainability"", ""Local impact"", ""Routes for redress""], ""red_lines"": [""Concealed external costs"", ""Exclusion without a considered alternative""], ""evidence_expectations"": [""A benefit and burden map"", ""A proposed mitigation with an owner and resource implications""], ""conflict_levers"": [""Affordability versus margin"", ""Claimed environmental benefit versus lifecycle uncertainty""], ""communication_style"": ""Respectful challenge focused on mechanisms and affected roles."", ""prohibited_moves"": [""Claim community consent"", ""Use demographic stereotypes"", ""Invent environmental savings"", ""Award grades""]}], ""mode"": ""deterministic"", ""decisions"": ""SYNTHETIC""}"
feedback,Investor,Investor: Capital exposed to uncertain demand and execution. Priorities: Demand evidence; Unit economics; Execution risk; Return plausibility.,Conditional support for a bounded test addressing: Establish commercial viability; Identify a credible route to scale.,Should the venture expand enquiries covered before verifying the review process? Position: Test demand promptly while containing execution cost. Who pays for accessible human support when an automated answer is disputed? Position: Make the cost of human support visible in the revenue model. Red lines: Invented traction; Concealed downside risk. Tension lens: Speed versus assurance; Growth spending versus service capacity.,"A demand test with disconfirming results retained; An assumption-labelled cost and revenue model. Inspect the status and supporting content of each evidence entry; placeholders are requests for evidence, not completed tests.",SYNTHETIC stakeholder judgement on team assumptions; no empirical facts verified. Team assumption: businesses would pay for assistance with routine enquiries. Team assumption: human review could catch consequential errors before release. Team assumption: a limited trial could be supported with existing team capacity.,low,Design and review: A demand test with disconfirming results retained. Record what result would change the decision before collecting evidence.,,,,,
feedback,Customer,"Customer: Time, money and trust committed to adopting a proposed service. Priorities: Problem fit; Willingness to pay; Switching effort; Trust; Accessibility.",Conditional support for a bounded test addressing: Solve a specific problem; Preserve trust and usable alternatives.,Who pays for accessible human support when an automated answer is disputed? Position: Preserve a usable human route without unexpected charges. Red lines: Misleading performance claims; No route to challenge errors. Tension lens: Feature ambition versus usable simplicity; Low price versus dependable support.,"A task-based prototype test; Evidence distinguishing stated interest from adoption. Inspect the status and supporting content of each evidence entry; placeholders are requests for evidence, not completed tests.",SYNTHETIC stakeholder judgement on team assumptions; no empirical facts verified. Team assumption: businesses would pay for assistance with routine enquiries. Team assumption: human review could catch consequential errors before release. Team assumption: a limited trial could be supported with existing team capacity.,low,Design and review: A task-based prototype test. Record what result would change the decision before collecting evidence.,,,,,
feedback,Supplier / Operations Partner,"Supplier / Operations Partner: Delivery commitments, capacity and dependence on the venture. Priorities: Capacity; Quality consistency; Dependencies; Lead times; Allocation of cost and responsibility.",Conditional support for a bounded test addressing: Make delivery feasible; Clarify responsibilities and terms.,Should the venture expand enquiries covered before verifying the review process? Position: Bound supported enquiry types to the available review capacity. Red lines: Uncosted delivery promises; Unassigned responsibility for failures. Tension lens: Rapid expansion versus dependable delivery; Customisation versus repeatability.,"A capacity and dependency map; A quality check and failure-recovery rehearsal. Inspect the status and supporting content of each evidence entry; placeholders are requests for evidence, not completed tests.",SYNTHETIC stakeholder judgement on team assumptions; no empirical facts verified. Team assumption: businesses would pay for assistance with routine enquiries. Team assumption: human review could catch consequential errors before release. Team assumption: a limited trial could be supported with existing team capacity.,low,Design and review: A capacity and dependency map. Record what result would change the decision before collecting evidence.,,,,,
feedback,Regulator,Regulator: Public safety and the legitimacy of the proposed operating process. Priorities: Safety; Data handling; Procedural legitimacy; Evidence of controls.,Conditional support for a bounded test addressing: Identify issues requiring qualified review; Make safeguards and accountability explicit.,Should the venture expand enquiries covered before verifying the review process? Position: Review error escalation and data handling before broadening scope. I cannot verify applicable rules from these materials. This may require qualified review; this is not legal advice. Red lines: Claiming legal approval without evidence; Treating a simulation as authorisation. Tension lens: Launch speed versus review; Information collection versus minimisation.,"A data-flow and safety-risk description; A documented question for a qualified reviewer. Inspect the status and supporting content of each evidence entry; placeholders are requests for evidence, not completed tests.",SYNTHETIC stakeholder judgement on team assumptions; no empirical facts verified. Team assumption: businesses would pay for assistance with routine enquiries. Team assumption: human review could catch consequential errors before release. Team assumption: a limited trial could be supported with existing team capacity.,low,Design and review: A data-flow and safety-risk description. Record what result would change the decision before collecting evidence.,,,,,
feedback,Community / Ethics Stakeholder,"Community / Ethics Stakeholder: Distribution of benefits, burdens and environmental effects. Priorities: Access; Distributional effects; Sustainability; Local impact; Routes for redress.",Conditional support for a bounded test addressing: Identify who bears potential harm; Preserve access and credible sustainability claims.,Who pays for accessible human support when an automated answer is disputed? Position: Consider exclusion when an automated route is unsuitable. Red lines: Concealed external costs; Exclusion without a considered alternative. Tension lens: Affordability versus margin; Claimed environmental benefit versus lifecycle uncertainty.,"A benefit and burden map; A proposed mitigation with an owner and resource implications. Inspect the status and supporting content of each evidence entry; placeholders are requests for evidence, not completed tests.",SYNTHETIC stakeholder judgement on team assumptions; no empirical facts verified. Team assumption: businesses would pay for assistance with routine enquiries. Team assumption: human review could catch consequential errors before release. Team assumption: a limited trial could be supported with existing team capacity.,low,Design and review: A benefit and burden map. Record what result would change the decision before collecting evidence.,,,,,
decision,Investor,,,,,,,,Test demand promptly,PARTIALLY ADOPT,Run a bounded demand test while limiting enquiry types until review capacity is understood.,Evidence that review capacity can safely support a wider enquiry scope.,
decision,Customer,,,,,,,,Preserve access to human support,ADOPT,A disputed answer needs a usable route to review; include the support cost in the test plan.,Task-test evidence that an alternative route provides equally usable redress.,
decision,Supplier / Operations Partner,,,,,,,,Narrow the supported enquiry types to fit current review capacity,REJECT,"Reject narrowing the enquiry scope as the preferred response; propose a staffed review trial first, keeping deployment paused until capacity is established.",A delivery rehearsal showing that expansion creates unresolved failure-handling gaps.,
decision,Regulator,,,,,,,,Resolve applicable rules and safety review,DEFER,Applicable rules cannot be established from placeholders; defer the launch judgement pending qualified review.,"A documented review of the proposed data flow, operating context and safeguards.",
decision,Community / Ethics Stakeholder,,,,,,,,Examine exclusion from automated support,ADOPT,Include an alternative human route and identify who bears its cost before proposing scale.,Evidence that the alternative still excludes intended users or shifts burdens unfairly.,
conflict,,,,,,,,,,,,,"{""tension"": ""launch"", ""question"": ""Should the venture expand enquiries covered before verifying the review process?"", ""stakeholder"": ""Investor"", ""position"": ""Test demand promptly while containing execution cost.""}"
conflict,,,,,,,,,,,,,"{""tension"": ""launch"", ""question"": ""Should the venture expand enquiries covered before verifying the review process?"", ""stakeholder"": ""Regulator"", ""position"": ""Review error escalation and data handling before broadening scope.""}"
conflict,,,,,,,,,,,,,"{""tension"": ""launch"", ""question"": ""Should the venture expand enquiries covered before verifying the review process?"", ""stakeholder"": ""Supplier / Operations Partner"", ""position"": ""Bound supported enquiry types to the available review capacity.""}"
conflict,,,,,,,,,,,,,"{""tension"": ""service"", ""question"": ""Who pays for accessible human support when an automated answer is disputed?"", ""stakeholder"": ""Customer"", ""position"": ""Preserve a usable human route without unexpected charges.""}"
conflict,,,,,,,,,,,,,"{""tension"": ""service"", ""question"": ""Who pays for accessible human support when an automated answer is disputed?"", ""stakeholder"": ""Community / Ethics Stakeholder"", ""position"": ""Consider exclusion when an automated route is unsuitable.""}"
conflict,,,,,,,,,,,,,"{""tension"": ""service"", ""question"": ""Who pays for accessible human support when an automated answer is disputed?"", ""stakeholder"": ""Investor"", ""position"": ""Make the cost of human support visible in the revenue model.""}"
oral_defence,,,,,,,,,,,,,"{""cluster"": ""Opportunity Recognition"", ""question"": ""Which credible observation would change your framing of the opportunity, and why?""}"
oral_defence,,,,,,,,,,,,,"{""cluster"": ""Feasibility Judgement"", ""question"": ""Defend a proceed, pivot, pause or stop judgement. Which untested assumption matters most?""}"
oral_defence,,,,,,,,,,,,,"{""cluster"": ""Stakeholder Reasoning"", ""question"": ""Your PARTIALLY ADOPT decision for Investor: who bears the cost, and what evidence would change your position?""}"
oral_defence,,,,,,,,,,,,,"{""cluster"": ""Ethical Positioning"", ""question"": ""Which anticipated harm raised by the Regulator or Community role needs an owned, costed mechanism, and who may remain exposed?""}"
oral_defence,,,,,,,,,,,,,"{""cluster"": ""Venture Communication"", ""question"": ""State your recommendation clearly, then explain its strongest counterargument and remaining uncertainty.""}"
